<?xml version="1.0" encoding="utf-8" ?>
<dwsync>
<file name="functions.js" server="185.32.28.115//insomnia/nextmediapro.com/applineales/" local="132251956485492650" remote="132251920200000000" Dst="1" />
<file name="index.js" server="185.32.28.115//insomnia/nextmediapro.com/applineales/" local="132237310003003750" remote="132248589600000000" Dst="1" />
<file name="jcanvas.min.js" server="185.32.28.115//insomnia/nextmediapro.com/applineales/" local="132241715563050233" remote="132248589600000000" Dst="1" />
<file name="jquery.ajax-cross-origin.min.js" server="185.32.28.115//insomnia/nextmediapro.com/applineales/" local="132247728469673417" remote="132248589600000000" Dst="1" />
<file name="lity.js" server="185.32.28.115//insomnia/nextmediapro.com/applineales/" local="132245936491029561" remote="132248589600000000" Dst="1" />
<file name="jquery.min.js" server="185.32.28.115//insomnia/nextmediapro.com/applineales/" local="132237346181830168" remote="132248589600000000" Dst="1" />
<file name=".jshintrc" server="185.32.28.115//insomnia/nextmediapro.com/applineales/" local="132249365739731484" remote="132249390000000000" Dst="1" />
<file name="lightslider.js" server="185.32.28.115//insomnia/nextmediapro.com/applineales/" local="132249365739897356" remote="132249390000000000" Dst="1" />
</dwsync>